Domain,URL,Site name
icomat.co.uk,https://www.icomat.co.uk/,ICOMAT
icomat.co.uk,https://www.icomat.co.uk/solutions,ICOMAT - Solutions
freshysites.com,https://freshysites.com/portfolio/,Freshy - Featured projects
freshysites.com,https://freshysites.com/wordpress/,Freshy - WordPress design & development
freshysites.com,https://freshysites.com/blog/,Freshy Blog
freshysites.com,https://freshysites.com/markets/,Freshy - Markets / Serving your location
freshysites.com,https://freshysites.com/industries/,Freshy - Industries
ninetywebdesign.com,https://www.ninetywebdesign.com/web-maintenance/,Ninety Web Design - Support / Web Maintenance
frontalweb.net,https://frontalweb.net/services/saas/,Frontal Web - SaaS Development
sharconai.com,https://sharconai.com/services/backend-api-development,Sharcon AI - API / Backend API Development
aisolutions.website,https://aisolutions.website/erp-development-company-qatar,AI Solutions - CMS / ERP Development Qatar
locations.trangotech.com,https://locations.trangotech.com/app-development-fort-lauderdale/,Trango Tech - Mobile App Development
absoluteweb.com,https://absoluteweb.com/ecommerce-agency-fort-lauderdale/,Absolute Web - Ecommerce Agency
binary-studio.com,https://binary-studio.com/web-app-development-fort-lauderdale/,Binary Studio - Web App Development
webdesign.qa,https://webdesign.qa/,Web Design QA - Website Design
